Anio,Mes,FECHA,Pais_Destino,Prod_Principal,TRADICIONAL_Y_NO_TRAD,Codigo_Subpartida,Suma_FOB_miles,Suma_TM_Peso_Neto
2022,1,01-ene-2022,ESTADOS UNIDOS,Banano,TRADICIONAL,803901110,1947347296.00,2287623134
2022,1,01-ene-2022,ESTADOS UNIDOS,Banano,TRADICIONAL,803901190,2316431074.00,4537491161
2022,1,01-ene-2022,ESTADOS UNIDOS,Banano,TRADICIONAL,803901200,189176422.00,340936777
2021,1,01-ene-2021,ESTADOS UNIDOS,Banano,TRADICIONAL,803901110,974903641.00,1559138800
2021,1,01-ene-2021,ESTADOS UNIDOS,Banano,TRADICIONAL,803901190,2851068945.00,5974397239
2021,1,01-ene-2021,ESTADOS UNIDOS,Banano,TRADICIONAL,803901200,952083454.00,1841135336
2021,2,01-feb-2021,ESTADOS UNIDOS,Banano,TRADICIONAL,803901110,971366854.00,1416740159
2021,2,01-feb-2021,ESTADOS UNIDOS,Banano,TRADICIONAL,803901190,1854688924.00,3572416562
2021,2,01-feb-2021,ESTADOS UNIDOS,Banano,TRADICIONAL,803901200,656657292.00,1269194920
2021,3,01-mar-2021,ESTADOS UNIDOS,Banano,TRADICIONAL,803901110,1114113658.00,1584997471
2021,3,01-mar-2021,ESTADOS UNIDOS,Banano,TRADICIONAL,803901190,1280253437.00,1925500208
2021,3,01-mar-2021,ESTADOS UNIDOS,Banano,TRADICIONAL,803901200,836106463.00,1669079973
2021,4,01-abr-2021,ESTADOS UNIDOS,Banano,TRADICIONAL,803901110,1353133639.00,1572138104
2021,4,01-abr-2021,ESTADOS UNIDOS,Banano,TRADICIONAL,803901190,1597375873.00,3238513777
2021,4,01-abr-2021,ESTADOS UNIDOS,Banano,TRADICIONAL,803901200,1040809775.00,1957353935
2021,5,01-may-2021,ESTADOS UNIDOS,Banano,TRADICIONAL,803901110,1923065541.00,1631305800
2021,5,01-may-2021,ESTADOS UNIDOS,Banano,TRADICIONAL,803901190,1415822933.00,3012133320
2021,5,01-may-2021,ESTADOS UNIDOS,Banano,TRADICIONAL,803901200,610312341.00,1218869215
2021,6,01-jun-2021,ESTADOS UNIDOS,Banano,TRADICIONAL,803901110,1777325005.00,1517969895
2021,6,01-jun-2021,ESTADOS UNIDOS,Banano,TRADICIONAL,803901190,1200483489.00,2607170982
2021,6,01-jun-2021,ESTADOS UNIDOS,Banano,TRADICIONAL,803901200,429876487.00,866515028
2021,7,01-jul-2021,ESTADOS UNIDOS,Banano,TRADICIONAL,803901110,1938634521.00,1798648102
2021,7,01-jul-2021,ESTADOS UNIDOS,Banano,TRADICIONAL,803901190,1705977465.00,2672847302
2021,7,01-jul-2021,ESTADOS UNIDOS,Banano,TRADICIONAL,803901200,708590140.00,1439147151
2021,7,01-jul-2021,ESTADOS UNIDOS,Banano,TRADICIONAL,803901900,122304.00,130560
2021,8,01-ago-2021,ESTADOS UNIDOS,Banano,TRADICIONAL,803901110,2073140556.00,1848777729
2021,8,01-ago-2021,ESTADOS UNIDOS,Banano,TRADICIONAL,803901190,1108477307.00,1864664464
2021,8,01-ago-2021,ESTADOS UNIDOS,Banano,TRADICIONAL,803901200,255554485.00,494057737
2021,9,01-sep-2021,ESTADOS UNIDOS,Banano,TRADICIONAL,803901110,1475871238.00,1709265877
2021,9,01-sep-2021,ESTADOS UNIDOS,Banano,TRADICIONAL,803901190,827763233.00,1706298683
2021,9,01-sep-2021,ESTADOS UNIDOS,Banano,TRADICIONAL,803901200,52074411.00,73590776
2021,10,01-oct-2021,ESTADOS UNIDOS,Banano,TRADICIONAL,803901110,1782326366.00,1976529061
2021,10,01-oct-2021,ESTADOS UNIDOS,Banano,TRADICIONAL,803901190,1083937873.00,2114963532
2021,10,01-oct-2021,ESTADOS UNIDOS,Banano,TRADICIONAL,803901200,113056950.00,184674060
2021,10,01-oct-2021,ESTADOS UNIDOS,Banano,TRADICIONAL,803901900,1389000.00,300000
2021,11,01-nov-2021,ESTADOS UNIDOS,Banano,TRADICIONAL,803901110,1737744045.00,1932475556
2021,11,01-nov-2021,ESTADOS UNIDOS,Banano,TRADICIONAL,803901190,1327943726.00,2684779771
2021,11,01-nov-2021,ESTADOS UNIDOS,Banano,TRADICIONAL,803901200,88364652.00,139830499
2021,11,01-nov-2021,ESTADOS UNIDOS,Banano,TRADICIONAL,803901900,13702801.00,3401600
2021,12,01-dic-2021,ESTADOS UNIDOS,Banano,TRADICIONAL,803901110,1706358569.00,2010548196
2021,12,01-dic-2021,ESTADOS UNIDOS,Banano,TRADICIONAL,803901190,2437280048.00,4037483820
2021,12,01-dic-2021,ESTADOS UNIDOS,Banano,TRADICIONAL,803901200,607294768.00,1192165717
2020,1,01-ene-2020,ESTADOS UNIDOS,Banano,TRADICIONAL,803901110,1491184846.00,1629885061
2020,1,01-ene-2020,ESTADOS UNIDOS,Banano,TRADICIONAL,803901190,1600356267.00,3399573000
2020,1,01-ene-2020,ESTADOS UNIDOS,Banano,TRADICIONAL,803901200,2473967276.00,4389462331
2020,2,01-feb-2020,ESTADOS UNIDOS,Banano,TRADICIONAL,803901110,901163204.00,1356018138
2020,2,01-feb-2020,ESTADOS UNIDOS,Banano,TRADICIONAL,803901190,1168686293.00,2500038377
2020,2,01-feb-2020,ESTADOS UNIDOS,Banano,TRADICIONAL,803901200,1556395258.00,2655172369
2020,3,01-mar-2020,ESTADOS UNIDOS,Banano,TRADICIONAL,803901110,1172755031.00,1778589961
2020,3,01-mar-2020,ESTADOS UNIDOS,Banano,TRADICIONAL,803901190,997042257.00,2108281293
2020,3,01-mar-2020,ESTADOS UNIDOS,Banano,TRADICIONAL,803901200,4414936814.00,7343790004
2020,4,01-abr-2020,ESTADOS UNIDOS,Banano,TRADICIONAL,803901110,1044832377.00,1687804943
2020,4,01-abr-2020,ESTADOS UNIDOS,Banano,TRADICIONAL,803901190,1005863662.00,1955582612
2020,4,01-abr-2020,ESTADOS UNIDOS,Banano,TRADICIONAL,803901200,3759199917.00,6057408291
2020,5,01-may-2020,ESTADOS UNIDOS,Banano,TRADICIONAL,803901110,885919732.00,1274263459
2020,5,01-may-2020,ESTADOS UNIDOS,Banano,TRADICIONAL,803901190,760805570.00,1521540476
2020,5,01-may-2020,ESTADOS UNIDOS,Banano,TRADICIONAL,803901200,645663024.00,1004944762
2020,5,01-may-2020,ESTADOS UNIDOS,Banano,TRADICIONAL,803901900,865080.00,2032560
2020,6,01-jun-2020,ESTADOS UNIDOS,Banano,TRADICIONAL,803901110,894349493.00,1177984826
2020,6,01-jun-2020,ESTADOS UNIDOS,Banano,TRADICIONAL,803901190,972750084.00,1745831294
2020,6,01-jun-2020,ESTADOS UNIDOS,Banano,TRADICIONAL,803901200,4159974693.00,6696710763
2020,7,01-jul-2020,ESTADOS UNIDOS,Banano,TRADICIONAL,803901110,831891525.00,1051898420
2020,7,01-jul-2020,ESTADOS UNIDOS,Banano,TRADICIONAL,803901190,1133601841.00,2081059972
2020,7,01-jul-2020,ESTADOS UNIDOS,Banano,TRADICIONAL,803901200,4833665411.00,7730555167
2020,8,01-ago-2020,ESTADOS UNIDOS,Banano,TRADICIONAL,803901110,1187615706.00,1328182490
2020,8,01-ago-2020,ESTADOS UNIDOS,Banano,TRADICIONAL,803901190,840618908.00,1731740531
2020,8,01-ago-2020,ESTADOS UNIDOS,Banano,TRADICIONAL,803901200,2551573276.00,4234244045
2020,9,01-sep-2020,ESTADOS UNIDOS,Banano,TRADICIONAL,803901110,1236379772.00,1517461728
2020,9,01-sep-2020,ESTADOS UNIDOS,Banano,TRADICIONAL,803901190,1195650893.00,2527608414
2020,9,01-sep-2020,ESTADOS UNIDOS,Banano,TRADICIONAL,803901200,104877560.00,156354501
2020,9,01-sep-2020,ESTADOS UNIDOS,Banano,TRADICIONAL,803901900,0.01,0.05
2020,10,01-oct-2020,ESTADOS UNIDOS,Banano,TRADICIONAL,803901110,1059113044.00,1580657257
2020,10,01-oct-2020,ESTADOS UNIDOS,Banano,TRADICIONAL,803901190,1143682131.00,2444739413
2020,10,01-oct-2020,ESTADOS UNIDOS,Banano,TRADICIONAL,803901200,142127695.00,245360888
2020,11,01-nov-2020,ESTADOS UNIDOS,Banano,TRADICIONAL,803901110,1119024527.00,1642981328
2020,11,01-nov-2020,ESTADOS UNIDOS,Banano,TRADICIONAL,803901190,1227175796.00,2647196047
2020,11,01-nov-2020,ESTADOS UNIDOS,Banano,TRADICIONAL,803901200,319013651.00,574274684
2020,12,01-dic-2020,ESTADOS UNIDOS,Banano,TRADICIONAL,803901110,1009185799.00,1410386310
2020,12,01-dic-2020,ESTADOS UNIDOS,Banano,TRADICIONAL,803901190,2033787095.00,4199115265
2020,12,01-dic-2020,ESTADOS UNIDOS,Banano,TRADICIONAL,803901200,828031878.00,1578326456
2019,1,01-ene-2019,ESTADOS UNIDOS,Banano,TRADICIONAL,803901110,1031146584.00,1636115342
2019,1,01-ene-2019,ESTADOS UNIDOS,Banano,TRADICIONAL,803901190,1766881304.00,3637241953
2019,1,01-ene-2019,ESTADOS UNIDOS,Banano,TRADICIONAL,803901200,1506649174.00,2593176364
2019,2,01-feb-2019,ESTADOS UNIDOS,Banano,TRADICIONAL,803901110,1035277798.00,1657560579
2019,2,01-feb-2019,ESTADOS UNIDOS,Banano,TRADICIONAL,803901190,2159227111.00,4473489566
2019,2,01-feb-2019,ESTADOS UNIDOS,Banano,TRADICIONAL,803901200,714163316.00,1180917553
2019,3,01-mar-2019,ESTADOS UNIDOS,Banano,TRADICIONAL,803901110,1124912756.00,1790683823
2019,3,01-mar-2019,ESTADOS UNIDOS,Banano,TRADICIONAL,803901190,1600102793.00,3349150329
2019,3,01-mar-2019,ESTADOS UNIDOS,Banano,TRADICIONAL,803901200,194927931.00,319858911
2019,4,01-abr-2019,ESTADOS UNIDOS,Banano,TRADICIONAL,803901110,1003826032.00,1602397829
2019,4,01-abr-2019,ESTADOS UNIDOS,Banano,TRADICIONAL,803901190,1563152046.00,3308023697
2019,4,01-abr-2019,ESTADOS UNIDOS,Banano,TRADICIONAL,803901200,150794882.00,238940860
2019,5,01-may-2019,ESTADOS UNIDOS,Banano,TRADICIONAL,803901110,1210207713.00,1920190618
2019,5,01-may-2019,ESTADOS UNIDOS,Banano,TRADICIONAL,803901190,1830625722.00,3865084916
2019,5,01-may-2019,ESTADOS UNIDOS,Banano,TRADICIONAL,803901200,210296879.00,324086936
2019,6,01-jun-2019,ESTADOS UNIDOS,Banano,TRADICIONAL,803901110,1021291238.00,1595687231
2019,6,01-jun-2019,ESTADOS UNIDOS,Banano,TRADICIONAL,803901190,1905421298.00,3998476382
2019,6,01-jun-2019,ESTADOS UNIDOS,Banano,TRADICIONAL,803901200,265738257.00,461217692
2019,7,01-jul-2019,ESTADOS UNIDOS,Banano,TRADICIONAL,803901110,1004854690.00,1562596948
2019,7,01-jul-2019,ESTADOS UNIDOS,Banano,TRADICIONAL,803901190,1846622296.00,3841577297
2019,7,01-jul-2019,ESTADOS UNIDOS,Banano,TRADICIONAL,803901200,141020534.00,210924037
2019,8,01-ago-2019,ESTADOS UNIDOS,Banano,TRADICIONAL,803901110,1170929319.00,1850245487
2019,8,01-ago-2019,ESTADOS UNIDOS,Banano,TRADICIONAL,803901190,1432622199.00,3053853246
2019,8,01-ago-2019,ESTADOS UNIDOS,Banano,TRADICIONAL,803901200,1191914368.00,2013570267
2019,9,01-sep-2019,ESTADOS UNIDOS,Banano,TRADICIONAL,803901110,956120068.00,1504648703
2019,9,01-sep-2019,ESTADOS UNIDOS,Banano,TRADICIONAL,803901190,800810955.00,1628045997
2019,9,01-sep-2019,ESTADOS UNIDOS,Banano,TRADICIONAL,803901200,726947588.00,1203469723
2019,10,01-oct-2019,ESTADOS UNIDOS,Banano,TRADICIONAL,803901110,992105528.00,1567434274
2019,10,01-oct-2019,ESTADOS UNIDOS,Banano,TRADICIONAL,803901190,997852434.00,2144770352
2019,10,01-oct-2019,ESTADOS UNIDOS,Banano,TRADICIONAL,803901200,776266443.00,1317698198
2019,11,01-nov-2019,ESTADOS UNIDOS,Banano,TRADICIONAL,803901110,1030765718.00,1730969047
2019,11,01-nov-2019,ESTADOS UNIDOS,Banano,TRADICIONAL,803901190,1303361851.00,2862670435
2019,11,01-nov-2019,ESTADOS UNIDOS,Banano,TRADICIONAL,803901200,821082217.00,1422784540
2019,12,01-dic-2019,ESTADOS UNIDOS,Banano,TRADICIONAL,803901110,1656435938.00,1513804360
2019,12,01-dic-2019,ESTADOS UNIDOS,Banano,TRADICIONAL,803901190,1687835644.00,3428131957
2019,12,01-dic-2019,ESTADOS UNIDOS,Banano,TRADICIONAL,803901200,1088542180.00,2256534629
2018,1,01-ene-2018,ESTADOS UNIDOS,Banano,TRADICIONAL,803901110,855415055.00,1481922782
2018,1,01-ene-2018,ESTADOS UNIDOS,Banano,TRADICIONAL,803901190,2960034733.00,5207454001
2018,1,01-ene-2018,ESTADOS UNIDOS,Banano,TRADICIONAL,803901200,697200272.00,1135275892
2018,1,01-ene-2018,ESTADOS UNIDOS,Banano,TRADICIONAL,803901900,1537920.00,3552388
2018,2,01-feb-2018,ESTADOS UNIDOS,Banano,TRADICIONAL,803901110,927854871.00,1508076772
2018,2,01-feb-2018,ESTADOS UNIDOS,Banano,TRADICIONAL,803901190,2402419516.00,4602394699
2018,2,01-feb-2018,ESTADOS UNIDOS,Banano,TRADICIONAL,803901200,128957057.00,224293848
2018,3,01-mar-2018,ESTADOS UNIDOS,Banano,TRADICIONAL,803901110,1005619300.00,1685943839
2018,3,01-mar-2018,ESTADOS UNIDOS,Banano,TRADICIONAL,803901190,1557720798.00,3222361019
2018,3,01-mar-2018,ESTADOS UNIDOS,Banano,TRADICIONAL,803901200,1148556678.00,1908352687
2018,3,01-mar-2018,ESTADOS UNIDOS,Banano,TRADICIONAL,803901900,18455040.00,42628651
2018,4,01-abr-2018,ESTADOS UNIDOS,Banano,TRADICIONAL,803901110,1239004289.00,1823646403
2018,4,01-abr-2018,ESTADOS UNIDOS,Banano,TRADICIONAL,803901190,1462626511.00,2700688386
2018,4,01-abr-2018,ESTADOS UNIDOS,Banano,TRADICIONAL,803901200,1229828832.00,1970487386
2018,5,01-may-2018,ESTADOS UNIDOS,Banano,TRADICIONAL,803901110,1236108859.00,2052916172
2018,5,01-may-2018,ESTADOS UNIDOS,Banano,TRADICIONAL,803901190,1650087319.00,3355601236
2018,5,01-may-2018,ESTADOS UNIDOS,Banano,TRADICIONAL,803901200,58591623.00,65759254
2018,5,01-may-2018,ESTADOS UNIDOS,Banano,TRADICIONAL,803901900,865080.00,2052000
2018,6,01-jun-2018,ESTADOS UNIDOS,Banano,TRADICIONAL,803901110,1110921171.00,1813920052
2018,6,01-jun-2018,ESTADOS UNIDOS,Banano,TRADICIONAL,803901190,2000870981.00,4026603901
2018,6,01-jun-2018,ESTADOS UNIDOS,Banano,TRADICIONAL,803901200,167101948.00,234852772
2018,6,01-jun-2018,ESTADOS UNIDOS,Banano,TRADICIONAL,803901900,1653480.00,4506650
2018,7,01-jul-2018,ESTADOS UNIDOS,Banano,TRADICIONAL,803901110,944382543.00,1529512574
2018,7,01-jul-2018,ESTADOS UNIDOS,Banano,TRADICIONAL,803901190,1967062917.00,4229404728
2018,7,01-jul-2018,ESTADOS UNIDOS,Banano,TRADICIONAL,803901200,976967821.00,1601835964
2018,7,01-jul-2018,ESTADOS UNIDOS,Banano,TRADICIONAL,803901900,788400.00,2454545
2018,8,01-ago-2018,ESTADOS UNIDOS,Banano,TRADICIONAL,803901110,994942445.00,1634449609
2018,8,01-ago-2018,ESTADOS UNIDOS,Banano,TRADICIONAL,803901190,1549637873.00,3226440999
2018,8,01-ago-2018,ESTADOS UNIDOS,Banano,TRADICIONAL,803901200,486204133.00,772527524
2018,8,01-ago-2018,ESTADOS UNIDOS,Banano,TRADICIONAL,803901900,196800.00,0.35
2018,9,01-sep-2018,ESTADOS UNIDOS,Banano,TRADICIONAL,803901110,970298693.00,1566434675
2018,9,01-sep-2018,ESTADOS UNIDOS,Banano,TRADICIONAL,803901190,926329950.00,2029477868
2018,9,01-sep-2018,ESTADOS UNIDOS,Banano,TRADICIONAL,803901200,110770113.00,150509548
2018,10,01-oct-2018,ESTADOS UNIDOS,Banano,TRADICIONAL,803901110,932728799.00,1503818479
2018,10,01-oct-2018,ESTADOS UNIDOS,Banano,TRADICIONAL,803901190,823770275.00,1791099475
2018,10,01-oct-2018,ESTADOS UNIDOS,Banano,TRADICIONAL,803901200,204697364.00,313429885
2018,11,01-nov-2018,ESTADOS UNIDOS,Banano,TRADICIONAL,803901110,1041170047.00,1692433587
2018,11,01-nov-2018,ESTADOS UNIDOS,Banano,TRADICIONAL,803901190,1362717101.00,3119578817
2018,11,01-nov-2018,ESTADOS UNIDOS,Banano,TRADICIONAL,803901200,406284101.00,650437780
2018,11,01-nov-2018,ESTADOS UNIDOS,Banano,TRADICIONAL,803901900,0.63,0.69
2018,12,01-dic-2018,ESTADOS UNIDOS,Banano,TRADICIONAL,803901110,1064877692.00,1762777822
2018,12,01-dic-2018,ESTADOS UNIDOS,Banano,TRADICIONAL,803901190,1776009451.00,3786902015
2018,12,01-dic-2018,ESTADOS UNIDOS,Banano,TRADICIONAL,803901200,151648894.00,238193188
2017,1,01-ene-2017,ESTADOS UNIDOS,Banano,TRADICIONAL,803901110,767151797.00,1411327203
2017,1,01-ene-2017,ESTADOS UNIDOS,Banano,TRADICIONAL,803901190,1478589327.00,3443882966
2017,1,01-ene-2017,ESTADOS UNIDOS,Banano,TRADICIONAL,803901200,2076066467.00,3463529147
2017,2,01-feb-2017,ESTADOS UNIDOS,Banano,TRADICIONAL,803901110,708421598.00,1249341778
2017,2,01-feb-2017,ESTADOS UNIDOS,Banano,TRADICIONAL,803901190,911701964.00,1902631557
2017,2,01-feb-2017,ESTADOS UNIDOS,Banano,TRADICIONAL,803901200,2919115961.00,4996910696
2017,3,01-mar-2017,ESTADOS UNIDOS,Banano,TRADICIONAL,803901110,896224766.00,1571446746
2017,3,01-mar-2017,ESTADOS UNIDOS,Banano,TRADICIONAL,803901190,1006791292.00,2062245308
2017,3,01-mar-2017,ESTADOS UNIDOS,Banano,TRADICIONAL,803901200,2436559003.00,4221707691
2017,4,01-abr-2017,ESTADOS UNIDOS,Banano,TRADICIONAL,803901110,802029883.00,1400602105
2017,4,01-abr-2017,ESTADOS UNIDOS,Banano,TRADICIONAL,803901190,1167667907.00,1901635563
2017,4,01-abr-2017,ESTADOS UNIDOS,Banano,TRADICIONAL,803901200,2152780021.00,3580542414
2017,5,01-may-2017,ESTADOS UNIDOS,Banano,TRADICIONAL,803901110,800656044.00,1361937492
2017,5,01-may-2017,ESTADOS UNIDOS,Banano,TRADICIONAL,803901190,1366196392.00,2424928961
2017,5,01-may-2017,ESTADOS UNIDOS,Banano,TRADICIONAL,803901200,2917369703.00,4826734906
2017,6,01-jun-2017,ESTADOS UNIDOS,Banano,TRADICIONAL,803901110,1070660203.00,1930082685
2017,6,01-jun-2017,ESTADOS UNIDOS,Banano,TRADICIONAL,803901190,1922953231.00,3924079186
2017,6,01-jun-2017,ESTADOS UNIDOS,Banano,TRADICIONAL,803901200,1940444598.00,3504695542
2017,7,01-jul-2017,ESTADOS UNIDOS,Banano,TRADICIONAL,803901110,930467974.00,1670079331
2017,7,01-jul-2017,ESTADOS UNIDOS,Banano,TRADICIONAL,803901190,1600766414.00,3190986992
2017,7,01-jul-2017,ESTADOS UNIDOS,Banano,TRADICIONAL,803901200,884484875.00,1458138632
2017,8,01-ago-2017,ESTADOS UNIDOS,Banano,TRADICIONAL,803901110,855488344.00,1604786557
2017,8,01-ago-2017,ESTADOS UNIDOS,Banano,TRADICIONAL,803901190,1449415820.00,3040377258
2017,8,01-ago-2017,ESTADOS UNIDOS,Banano,TRADICIONAL,803901200,51064127.00,60767048
2017,9,01-sep-2017,ESTADOS UNIDOS,Banano,TRADICIONAL,803901110,778892769.00,1413159062
2017,9,01-sep-2017,ESTADOS UNIDOS,Banano,TRADICIONAL,803901190,1115645624.00,2318966666
2017,9,01-sep-2017,ESTADOS UNIDOS,Banano,TRADICIONAL,803901200,38736936.00,47614340
2017,10,01-oct-2017,ESTADOS UNIDOS,Banano,TRADICIONAL,803901110,807909814.00,1491716575
2017,10,01-oct-2017,ESTADOS UNIDOS,Banano,TRADICIONAL,803901190,946483628.00,1950322235
2017,10,01-oct-2017,ESTADOS UNIDOS,Banano,TRADICIONAL,803901200,62717428.00,97734540
2017,11,01-nov-2017,ESTADOS UNIDOS,Banano,TRADICIONAL,803901110,948998121.00,1628020917
2017,11,01-nov-2017,ESTADOS UNIDOS,Banano,TRADICIONAL,803901190,1508339836.00,2921647447
2017,11,01-nov-2017,ESTADOS UNIDOS,Banano,TRADICIONAL,803901200,384418797.00,615262432
2017,12,01-dic-2017,ESTADOS UNIDOS,Banano,TRADICIONAL,803901110,957484228.00,1602587891
2017,12,01-dic-2017,ESTADOS UNIDOS,Banano,TRADICIONAL,803901190,1996782805.00,3484937304
2017,12,01-dic-2017,ESTADOS UNIDOS,Banano,TRADICIONAL,803901200,1224158166.00,2039609332
2016,1,01-ene-2016,ESTADOS UNIDOS,Banano,TRADICIONAL,803901100,4813097955.00,10161200448
2016,1,01-ene-2016,ESTADOS UNIDOS,Banano,TRADICIONAL,803901200,42684284.00,47188144
2016,2,01-feb-2016,ESTADOS UNIDOS,Banano,TRADICIONAL,803901100,4237318097.00,8912087215
2016,2,01-feb-2016,ESTADOS UNIDOS,Banano,TRADICIONAL,803901200,56749892.00,90083434
2016,3,01-mar-2016,ESTADOS UNIDOS,Banano,TRADICIONAL,803901100,2964742224.00,6169287297
2016,3,01-mar-2016,ESTADOS UNIDOS,Banano,TRADICIONAL,803901200,42130218.00,51577797
2016,4,01-abr-2016,ESTADOS UNIDOS,Banano,TRADICIONAL,803901100,3283754359.00,6825152597
2016,4,01-abr-2016,ESTADOS UNIDOS,Banano,TRADICIONAL,803901200,42747998.00,49612566
2016,5,01-may-2016,ESTADOS UNIDOS,Banano,TRADICIONAL,803901100,3091274004.00,6431766185
2016,5,01-may-2016,ESTADOS UNIDOS,Banano,TRADICIONAL,803901200,39742684.00,46655803
2016,6,01-jun-2016,ESTADOS UNIDOS,Banano,TRADICIONAL,803901100,3395537011.00,7123309359
2016,6,01-jun-2016,ESTADOS UNIDOS,Banano,TRADICIONAL,803901200,46112078.00,53664355
2016,6,01-jun-2016,ESTADOS UNIDOS,Banano,TRADICIONAL,803901900,0.03,0.02
2016,7,01-jul-2016,ESTADOS UNIDOS,Banano,TRADICIONAL,803901100,4169734968.00,8618438994
2016,7,01-jul-2016,ESTADOS UNIDOS,Banano,TRADICIONAL,803901200,47084625.00,54133287
2016,8,01-ago-2016,ESTADOS UNIDOS,Banano,TRADICIONAL,803901100,135050696.00,293084457
2016,8,01-ago-2016,ESTADOS UNIDOS,Banano,TRADICIONAL,803901110,570239127.00,1033754055
2016,8,01-ago-2016,ESTADOS UNIDOS,Banano,TRADICIONAL,803901190,2181485456.00,4729224544
2016,8,01-ago-2016,ESTADOS UNIDOS,Banano,TRADICIONAL,803901200,40113030.00,45951396
2016,9,01-sep-2016,ESTADOS UNIDOS,Banano,TRADICIONAL,803901110,1018401227.00,1797148873
2016,9,01-sep-2016,ESTADOS UNIDOS,Banano,TRADICIONAL,803901190,1905625714.00,3976090544
2016,9,01-sep-2016,ESTADOS UNIDOS,Banano,TRADICIONAL,803901200,95628188.00,135148860
2016,10,01-oct-2016,ESTADOS UNIDOS,Banano,TRADICIONAL,803901110,839754290.00,1481899815
2016,10,01-oct-2016,ESTADOS UNIDOS,Banano,TRADICIONAL,803901190,1631005589.00,3509795733
2016,10,01-oct-2016,ESTADOS UNIDOS,Banano,TRADICIONAL,803901200,40823088.00,45486720
2016,10,01-oct-2016,ESTADOS UNIDOS,Banano,TRADICIONAL,803901900,0.07,0.07
2016,11,01-nov-2016,ESTADOS UNIDOS,Banano,TRADICIONAL,803901110,811455769.00,1428311343
2016,11,01-nov-2016,ESTADOS UNIDOS,Banano,TRADICIONAL,803901190,1792934708.00,3726856412
2016,11,01-nov-2016,ESTADOS UNIDOS,Banano,TRADICIONAL,803901200,57050818.00,84138603
2016,12,01-dic-2016,ESTADOS UNIDOS,Banano,TRADICIONAL,803901110,1065192950.00,1877458546
2016,12,01-dic-2016,ESTADOS UNIDOS,Banano,TRADICIONAL,803901190,2460042837.00,5192729432
2016,12,01-dic-2016,ESTADOS UNIDOS,Banano,TRADICIONAL,803901200,454824692.00,733964380
2015,1,01-ene-2015,ESTADOS UNIDOS,Banano,TRADICIONAL,803901100,4049892070.00,8747834283
2015,1,01-ene-2015,ESTADOS UNIDOS,Banano,TRADICIONAL,803901200,31900116.00,40371691
2015,1,01-ene-2015,ESTADOS UNIDOS,Banano,TRADICIONAL,803901900,2207320.00,3601523
2015,2,01-feb-2015,ESTADOS UNIDOS,Banano,TRADICIONAL,803901100,3943664118.00,8088829752
2015,2,01-feb-2015,ESTADOS UNIDOS,Banano,TRADICIONAL,803901200,36793581.00,45469718
2015,2,01-feb-2015,ESTADOS UNIDOS,Banano,TRADICIONAL,803901900,4709506.00,8204520
2015,3,01-mar-2015,ESTADOS UNIDOS,Banano,TRADICIONAL,803901100,3360175218.00,6949454915
2015,3,01-mar-2015,ESTADOS UNIDOS,Banano,TRADICIONAL,803901200,35945620.00,42976092
2015,3,01-mar-2015,ESTADOS UNIDOS,Banano,TRADICIONAL,803901900,4494800.00,7786308
2015,4,01-abr-2015,ESTADOS UNIDOS,Banano,TRADICIONAL,803901100,3366848344.00,7091643529
2015,4,01-abr-2015,ESTADOS UNIDOS,Banano,TRADICIONAL,803901200,41932141.00,49707383
2015,4,01-abr-2015,ESTADOS UNIDOS,Banano,TRADICIONAL,803901900,4377100.00,7009156
2015,5,01-may-2015,ESTADOS UNIDOS,Banano,TRADICIONAL,803901100,3674559360.00,7766630406
2015,5,01-may-2015,ESTADOS UNIDOS,Banano,TRADICIONAL,803901200,45957357.00,54935894
2015,5,01-may-2015,ESTADOS UNIDOS,Banano,TRADICIONAL,803901900,1603240.00,2047745
2015,6,01-jun-2015,ESTADOS UNIDOS,Banano,TRADICIONAL,803901100,3339628454.00,7077597304
2015,6,01-jun-2015,ESTADOS UNIDOS,Banano,TRADICIONAL,803901200,40785618.00,47171918
2015,6,01-jun-2015,ESTADOS UNIDOS,Banano,TRADICIONAL,803901900,1048012.00,1195444
2015,7,01-jul-2015,ESTADOS UNIDOS,Banano,TRADICIONAL,803901100,4338870456.00,9254583905
2015,7,01-jul-2015,ESTADOS UNIDOS,Banano,TRADICIONAL,803901200,54793040.00,64898843
2015,7,01-jul-2015,ESTADOS UNIDOS,Banano,TRADICIONAL,803901900,1379108.00,1517040
2015,8,01-ago-2015,ESTADOS UNIDOS,Banano,TRADICIONAL,803901100,3070440636.00,6550858998
2015,8,01-ago-2015,ESTADOS UNIDOS,Banano,TRADICIONAL,803901200,40467361.00,46521176
2015,8,01-ago-2015,ESTADOS UNIDOS,Banano,TRADICIONAL,803901900,992682.00,1130754
2015,9,01-sep-2015,ESTADOS UNIDOS,Banano,TRADICIONAL,803901100,2492986947.00,5241780074
2015,9,01-sep-2015,ESTADOS UNIDOS,Banano,TRADICIONAL,803901200,39687953.00,45884341
2015,9,01-sep-2015,ESTADOS UNIDOS,Banano,TRADICIONAL,803901900,686968.00,753872
2015,10,01-oct-2015,ESTADOS UNIDOS,Banano,TRADICIONAL,803901100,3128051410.00,6587281472
2015,10,01-oct-2015,ESTADOS UNIDOS,Banano,TRADICIONAL,803901200,48896601.00,57047120
2015,10,01-oct-2015,ESTADOS UNIDOS,Banano,TRADICIONAL,803901900,2172490.00,2289509
2015,11,01-nov-2015,ESTADOS UNIDOS,Banano,TRADICIONAL,803901100,2662262329.00,5581701525
2015,11,01-nov-2015,ESTADOS UNIDOS,Banano,TRADICIONAL,803901200,43318400.00,49634267
2015,11,01-nov-2015,ESTADOS UNIDOS,Banano,TRADICIONAL,803901900,908884.00,938937
2015,12,01-dic-2015,ESTADOS UNIDOS,Banano,TRADICIONAL,803901100,4213110617.00,8684664892
2015,12,01-dic-2015,ESTADOS UNIDOS,Banano,TRADICIONAL,803901200,57456010.00,51028214
2015,12,01-dic-2015,ESTADOS UNIDOS,Banano,TRADICIONAL,803901900,497654.00,526584
2014,1,01-ene-2014,ESTADOS UNIDOS,Banano,TRADICIONAL,803901100,4575617691.00,10270095951
2014,1,01-ene-2014,ESTADOS UNIDOS,Banano,TRADICIONAL,803901200,36314698.00,66120025
2014,1,01-ene-2014,ESTADOS UNIDOS,Banano,TRADICIONAL,803901900,1694688.00,2613947
2014,2,01-feb-2014,ESTADOS UNIDOS,Banano,TRADICIONAL,803901100,3031209732.00,6751817384
2014,2,01-feb-2014,ESTADOS UNIDOS,Banano,TRADICIONAL,803901200,34678346.00,42868425
2014,2,01-feb-2014,ESTADOS UNIDOS,Banano,TRADICIONAL,803901900,1757556.00,3029908
2014,3,01-mar-2014,ESTADOS UNIDOS,Banano,TRADICIONAL,803901100,2568051000.00,5699541981
2014,3,01-mar-2014,ESTADOS UNIDOS,Banano,TRADICIONAL,803901200,42025478.00,57623065
2014,3,01-mar-2014,ESTADOS UNIDOS,Banano,TRADICIONAL,803901900,1535116.00,2504555
2014,4,01-abr-2014,ESTADOS UNIDOS,Banano,TRADICIONAL,803901100,2744418534.00,6148873875
2014,4,01-abr-2014,ESTADOS UNIDOS,Banano,TRADICIONAL,803901200,46553264.00,65822817
2014,4,01-abr-2014,ESTADOS UNIDOS,Banano,TRADICIONAL,803901900,1973800.00,3112084
2014,5,01-may-2014,ESTADOS UNIDOS,Banano,TRADICIONAL,803901100,3231959168.00,7204698955
2014,5,01-may-2014,ESTADOS UNIDOS,Banano,TRADICIONAL,803901200,51436138.00,80468065
2014,5,01-may-2014,ESTADOS UNIDOS,Banano,TRADICIONAL,803901900,2681032.00,5731390
2014,6,01-jun-2014,ESTADOS UNIDOS,Banano,TRADICIONAL,803901100,2942453277.00,6637325367
2014,6,01-jun-2014,ESTADOS UNIDOS,Banano,TRADICIONAL,803901200,40747144.00,50987068
2014,6,01-jun-2014,ESTADOS UNIDOS,Banano,TRADICIONAL,803901900,2017080.00,3608386
2014,7,01-jul-2014,ESTADOS UNIDOS,Banano,TRADICIONAL,803901100,4131181002.00,9030840397
2014,7,01-jul-2014,ESTADOS UNIDOS,Banano,TRADICIONAL,803901200,50734286.00,62179095
2014,7,01-jul-2014,ESTADOS UNIDOS,Banano,TRADICIONAL,803901900,2695004.00,5442091
2014,8,01-ago-2014,ESTADOS UNIDOS,Banano,TRADICIONAL,803901100,2574471679.00,5578744072
2014,8,01-ago-2014,ESTADOS UNIDOS,Banano,TRADICIONAL,803901200,40162190.00,53514063
2014,8,01-ago-2014,ESTADOS UNIDOS,Banano,TRADICIONAL,803901900,1905356.00,3108789
2014,9,01-sep-2014,ESTADOS UNIDOS,Banano,TRADICIONAL,803901100,2089783193.00,4436967832
2014,9,01-sep-2014,ESTADOS UNIDOS,Banano,TRADICIONAL,803901200,33180010.00,42190694
2014,9,01-sep-2014,ESTADOS UNIDOS,Banano,TRADICIONAL,803901900,1464504.00,2370700
2014,10,01-oct-2014,ESTADOS UNIDOS,Banano,TRADICIONAL,803901100,2792252874.00,5875886332
2014,10,01-oct-2014,ESTADOS UNIDOS,Banano,TRADICIONAL,803901200,40272674.00,49546496
2014,10,01-oct-2014,ESTADOS UNIDOS,Banano,TRADICIONAL,803901900,2417348.00,2466605
2014,11,01-nov-2014,ESTADOS UNIDOS,Banano,TRADICIONAL,803901100,2599039371.00,5445257782
2014,11,01-nov-2014,ESTADOS UNIDOS,Banano,TRADICIONAL,803901200,33188941.00,44386693
2014,11,01-nov-2014,ESTADOS UNIDOS,Banano,TRADICIONAL,803901900,2047376.00,3995966
2014,12,01-dic-2014,ESTADOS UNIDOS,Banano,TRADICIONAL,803901100,3678184633.00,7709768253
2014,12,01-dic-2014,ESTADOS UNIDOS,Banano,TRADICIONAL,803901200,42355522.00,55724033
2014,12,01-dic-2014,ESTADOS UNIDOS,Banano,TRADICIONAL,803901900,2838956.00,4530930
2013,1,01-ene-2013,ESTADOS UNIDOS,Banano,TRADICIONAL,803001200,1035112315.00,2295411317
2013,1,01-ene-2013,ESTADOS UNIDOS,Banano,TRADICIONAL,803001300,10743599.00,13704612
2013,1,01-ene-2013,ESTADOS UNIDOS,Banano,TRADICIONAL,803001900,815103.00,1384094
2013,1,01-ene-2013,ESTADOS UNIDOS,Banano,TRADICIONAL,803901100,2372984071.00,5148667683
2013,1,01-ene-2013,ESTADOS UNIDOS,Banano,TRADICIONAL,803901200,69262271.00,128037720
2013,1,01-ene-2013,ESTADOS UNIDOS,Banano,TRADICIONAL,803901900,4389559.00,4913791
2013,2,01-feb-2013,ESTADOS UNIDOS,Banano,TRADICIONAL,803901100,3105907925.00,6474476429
2013,2,01-feb-2013,ESTADOS UNIDOS,Banano,TRADICIONAL,803901200,32210844.00,35688095
2013,2,01-feb-2013,ESTADOS UNIDOS,Banano,TRADICIONAL,803901900,9598754.00,9499115
2013,3,01-mar-2013,ESTADOS UNIDOS,Banano,TRADICIONAL,803901100,3059868202.00,6570646816
2013,3,01-mar-2013,ESTADOS UNIDOS,Banano,TRADICIONAL,803901200,108268433.00,215876863
2013,3,01-mar-2013,ESTADOS UNIDOS,Banano,TRADICIONAL,803901900,12033376.00,10011636
2013,4,01-abr-2013,ESTADOS UNIDOS,Banano,TRADICIONAL,803901100,2953475754.00,6306634757
2013,4,01-abr-2013,ESTADOS UNIDOS,Banano,TRADICIONAL,803901200,33493104.00,45656414
2013,4,01-abr-2013,ESTADOS UNIDOS,Banano,TRADICIONAL,803901900,16806231.00,13193357
2013,5,01-may-2013,ESTADOS UNIDOS,Banano,TRADICIONAL,803901100,3277345657.00,7078666580
2013,5,01-may-2013,ESTADOS UNIDOS,Banano,TRADICIONAL,803901200,42209048.00,56491359
2013,5,01-may-2013,ESTADOS UNIDOS,Banano,TRADICIONAL,803901900,15385953.00,14585188
2013,6,01-jun-2013,ESTADOS UNIDOS,Banano,TRADICIONAL,803901100,3344019354.00,7366706222
2013,6,01-jun-2013,ESTADOS UNIDOS,Banano,TRADICIONAL,803901200,36775140.00,44715978
2013,6,01-jun-2013,ESTADOS UNIDOS,Banano,TRADICIONAL,803901900,6835984.00,7096898
2013,7,01-jul-2013,ESTADOS UNIDOS,Banano,TRADICIONAL,803901100,3046924710.00,6755717941
2013,7,01-jul-2013,ESTADOS UNIDOS,Banano,TRADICIONAL,803901200,33135036.00,61947910
2013,7,01-jul-2013,ESTADOS UNIDOS,Banano,TRADICIONAL,803901900,6085378.00,9005168
2013,8,01-ago-2013,ESTADOS UNIDOS,Banano,TRADICIONAL,803901100,2869142145.00,5813679784
2013,8,01-ago-2013,ESTADOS UNIDOS,Banano,TRADICIONAL,803901200,42802448.00,391961505
2013,8,01-ago-2013,ESTADOS UNIDOS,Banano,TRADICIONAL,803901900,6943500.00,111505546
2013,9,01-sep-2013,ESTADOS UNIDOS,Banano,TRADICIONAL,803901100,2319370431.00,4858533156
2013,9,01-sep-2013,ESTADOS UNIDOS,Banano,TRADICIONAL,803901200,36512840.00,200528842
2013,9,01-sep-2013,ESTADOS UNIDOS,Banano,TRADICIONAL,803901900,1754736.00,55277166
2013,10,01-oct-2013,ESTADOS UNIDOS,Banano,TRADICIONAL,803901100,2702564131.00,6061940621
2013,10,01-oct-2013,ESTADOS UNIDOS,Banano,TRADICIONAL,803901200,42822927.00,59827243
2013,10,01-oct-2013,ESTADOS UNIDOS,Banano,TRADICIONAL,803901900,1502312.00,2950956
2013,11,01-nov-2013,ESTADOS UNIDOS,Banano,TRADICIONAL,803901100,2488865027.00,5524263344
2013,11,01-nov-2013,ESTADOS UNIDOS,Banano,TRADICIONAL,803901200,26721752.00,31821110
2013,11,01-nov-2013,ESTADOS UNIDOS,Banano,TRADICIONAL,803901900,656636.00,1001397
2013,12,01-dic-2013,ESTADOS UNIDOS,Banano,TRADICIONAL,803901100,3230853119.00,7293576063
2013,12,01-dic-2013,ESTADOS UNIDOS,Banano,TRADICIONAL,803901200,40877868.00,63068647
2013,12,01-dic-2013,ESTADOS UNIDOS,Banano,TRADICIONAL,803901900,1833528.00,3662997
2012,1,01-ene-2012,ESTADOS UNIDOS,Banano,TRADICIONAL,803001200,2890951330.00,6881256258
2012,1,01-ene-2012,ESTADOS UNIDOS,Banano,TRADICIONAL,803001300,18454124.00,30619513
2012,1,01-ene-2012,ESTADOS UNIDOS,Banano,TRADICIONAL,803001900,60618680.00,112680661
2012,2,01-feb-2012,ESTADOS UNIDOS,Banano,TRADICIONAL,803001200,3562705474.00,8319595955
2012,2,01-feb-2012,ESTADOS UNIDOS,Banano,TRADICIONAL,803001300,18839300.00,32411264
2012,2,01-feb-2012,ESTADOS UNIDOS,Banano,TRADICIONAL,803001900,46253603.00,77792704
2012,3,01-mar-2012,ESTADOS UNIDOS,Banano,TRADICIONAL,803001200,3504367760.00,8106412919
2012,3,01-mar-2012,ESTADOS UNIDOS,Banano,TRADICIONAL,803001300,25525790.00,44055552
2012,3,01-mar-2012,ESTADOS UNIDOS,Banano,TRADICIONAL,803001900,43150528.00,60157248
2012,4,01-abr-2012,ESTADOS UNIDOS,Banano,TRADICIONAL,803001200,2559548674.00,5689983991
2012,4,01-abr-2012,ESTADOS UNIDOS,Banano,TRADICIONAL,803001300,17241154.00,27727999
2012,4,01-abr-2012,ESTADOS UNIDOS,Banano,TRADICIONAL,803001900,45073604.00,70161205
2012,5,01-may-2012,ESTADOS UNIDOS,Banano,TRADICIONAL,803001200,2647499854.00,5838071330
2012,5,01-may-2012,ESTADOS UNIDOS,Banano,TRADICIONAL,803001300,25428900.00,40739474
2012,5,01-may-2012,ESTADOS UNIDOS,Banano,TRADICIONAL,803001900,158029384.00,331669914
2012,6,01-jun-2012,ESTADOS UNIDOS,Banano,TRADICIONAL,803001200,3042167151.00,6491596848
2012,6,01-jun-2012,ESTADOS UNIDOS,Banano,TRADICIONAL,803001300,20472978.00,32926583
2012,6,01-jun-2012,ESTADOS UNIDOS,Banano,TRADICIONAL,803001900,32338926.00,43415595
2012,7,01-jul-2012,ESTADOS UNIDOS,Banano,TRADICIONAL,803001200,3036672382.00,6188790835
2012,7,01-jul-2012,ESTADOS UNIDOS,Banano,TRADICIONAL,803001300,24360478.00,43124580
2012,7,01-jul-2012,ESTADOS UNIDOS,Banano,TRADICIONAL,803001900,21057661.00,27041826
2012,8,01-ago-2012,ESTADOS UNIDOS,Banano,TRADICIONAL,803001200,2315548655.00,5284402779
2012,8,01-ago-2012,ESTADOS UNIDOS,Banano,TRADICIONAL,803001300,21973523.00,34397640
2012,8,01-ago-2012,ESTADOS UNIDOS,Banano,TRADICIONAL,803001900,82636102.00,176363964
2012,9,01-sep-2012,ESTADOS UNIDOS,Banano,TRADICIONAL,803001200,1522085199.00,3653616593
2012,9,01-sep-2012,ESTADOS UNIDOS,Banano,TRADICIONAL,803001300,12809543.00,16803650
2012,9,01-sep-2012,ESTADOS UNIDOS,Banano,TRADICIONAL,803001900,21813762.00,25784519
2012,10,01-oct-2012,ESTADOS UNIDOS,Banano,TRADICIONAL,803001200,1652695722.00,3967102174
2012,10,01-oct-2012,ESTADOS UNIDOS,Banano,TRADICIONAL,803001300,15112094.00,19174134
2012,10,01-oct-2012,ESTADOS UNIDOS,Banano,TRADICIONAL,803001900,37830306.00,65331724
2012,10,01-oct-2012,ESTADOS UNIDOS,Banano,TRADICIONAL,803901100,88548960.00,175968000
2012,10,01-oct-2012,ESTADOS UNIDOS,Banano,TRADICIONAL,803901200,660800.00,544800
2012,11,01-nov-2012,ESTADOS UNIDOS,Banano,TRADICIONAL,803001200,2503361873.00,5943949975
2012,11,01-nov-2012,ESTADOS UNIDOS,Banano,TRADICIONAL,803001300,36641125.00,46766316
2012,11,01-nov-2012,ESTADOS UNIDOS,Banano,TRADICIONAL,803001900,7712895.00,9488324
2012,11,01-nov-2012,ESTADOS UNIDOS,Banano,TRADICIONAL,803901100,10161480.00,23294800
2012,12,01-dic-2012,ESTADOS UNIDOS,Banano,TRADICIONAL,803001200,2878236217.00,6603651387
2012,12,01-dic-2012,ESTADOS UNIDOS,Banano,TRADICIONAL,803001300,29059397.00,36994239
2012,12,01-dic-2012,ESTADOS UNIDOS,Banano,TRADICIONAL,803001900,938162.00,1408366
2012,12,01-dic-2012,ESTADOS UNIDOS,Banano,TRADICIONAL,803901100,4293000.00,9720000
2011,1,01-ene-2011,ESTADOS UNIDOS,Banano,TRADICIONAL,803001200,4202367259.00,10052649993
2011,1,01-ene-2011,ESTADOS UNIDOS,Banano,TRADICIONAL,803001300,7859428.00,11562297
2011,1,01-ene-2011,ESTADOS UNIDOS,Banano,TRADICIONAL,803001900,56642629.00,97186123
2011,2,01-feb-2011,ESTADOS UNIDOS,Banano,TRADICIONAL,803001200,3566128010.00,8241890489
2011,2,01-feb-2011,ESTADOS UNIDOS,Banano,TRADICIONAL,803001300,6888375.00,9794214
2011,2,01-feb-2011,ESTADOS UNIDOS,Banano,TRADICIONAL,803001900,32382045.00,58983295
2011,3,01-mar-2011,ESTADOS UNIDOS,Banano,TRADICIONAL,803001200,3499275622.00,8437902377
2011,3,01-mar-2011,ESTADOS UNIDOS,Banano,TRADICIONAL,803001300,9149450.00,13098160
2011,3,01-mar-2011,ESTADOS UNIDOS,Banano,TRADICIONAL,803001900,43703543.00,79147411
2011,4,01-abr-2011,ESTADOS UNIDOS,Banano,TRADICIONAL,803001200,3799921095.00,9279508312
2011,4,01-abr-2011,ESTADOS UNIDOS,Banano,TRADICIONAL,803001300,14125250.00,19308400
2011,4,01-abr-2011,ESTADOS UNIDOS,Banano,TRADICIONAL,803001900,37274695.00,54323968
2011,5,01-may-2011,ESTADOS UNIDOS,Banano,TRADICIONAL,803001200,2866754925.00,6657017470
2011,5,01-may-2011,ESTADOS UNIDOS,Banano,TRADICIONAL,803001300,10825100.00,15040480
2011,5,01-may-2011,ESTADOS UNIDOS,Banano,TRADICIONAL,803001900,58914436.00,109167804
2011,6,01-jun-2011,ESTADOS UNIDOS,Banano,TRADICIONAL,803001200,2969821348.00,6794020138
2011,6,01-jun-2011,ESTADOS UNIDOS,Banano,TRADICIONAL,803001300,11872150.00,16995920
2011,6,01-jun-2011,ESTADOS UNIDOS,Banano,TRADICIONAL,803001900,61678142.00,98784702
2011,7,01-jul-2011,ESTADOS UNIDOS,Banano,TRADICIONAL,803001200,3011359073.00,6937077261
2011,7,01-jul-2011,ESTADOS UNIDOS,Banano,TRADICIONAL,803001300,10397275.00,14884520
2011,7,01-jul-2011,ESTADOS UNIDOS,Banano,TRADICIONAL,803001900,61865515.00,93521634
2011,8,01-ago-2011,ESTADOS UNIDOS,Banano,TRADICIONAL,803001200,2721624358.00,6291631707
2011,8,01-ago-2011,ESTADOS UNIDOS,Banano,TRADICIONAL,803001300,10292775.00,14734920
2011,8,01-ago-2011,ESTADOS UNIDOS,Banano,TRADICIONAL,803001900,75713317.00,101264654
2011,9,01-sep-2011,ESTADOS UNIDOS,Banano,TRADICIONAL,803001200,2982947359.00,6722947532
2011,9,01-sep-2011,ESTADOS UNIDOS,Banano,TRADICIONAL,803001300,14470150.00,23183886
2011,9,01-sep-2011,ESTADOS UNIDOS,Banano,TRADICIONAL,803001900,76237471.00,111713794
2011,10,01-oct-2011,ESTADOS UNIDOS,Banano,TRADICIONAL,803001200,2437036500.00,5439459832
2011,10,01-oct-2011,ESTADOS UNIDOS,Banano,TRADICIONAL,803001300,17376920.00,34745144
2011,10,01-oct-2011,ESTADOS UNIDOS,Banano,TRADICIONAL,803001900,59366934.00,90441430
2011,11,01-nov-2011,ESTADOS UNIDOS,Banano,TRADICIONAL,803001200,2868792805.00,6213871661
2011,11,01-nov-2011,ESTADOS UNIDOS,Banano,TRADICIONAL,803001300,16897290.00,29631818
2011,11,01-nov-2011,ESTADOS UNIDOS,Banano,TRADICIONAL,803001900,59976561.00,88370894
2011,12,01-dic-2011,ESTADOS UNIDOS,Banano,TRADICIONAL,803001200,3765504614.00,8348203975
2011,12,01-dic-2011,ESTADOS UNIDOS,Banano,TRADICIONAL,803001300,17903150.00,28729875
2011,12,01-dic-2011,ESTADOS UNIDOS,Banano,TRADICIONAL,803001900,71469936.00,116866733
2010,1,01-ene-2010,ESTADOS UNIDOS,Banano,TRADICIONAL,803001200,3162723000.00,8191976900
2010,1,01-ene-2010,ESTADOS UNIDOS,Banano,TRADICIONAL,803001300,10384732.00,14793474
2010,1,01-ene-2010,ESTADOS UNIDOS,Banano,TRADICIONAL,803001900,48932614.00,82387969
2010,2,01-feb-2010,ESTADOS UNIDOS,Banano,TRADICIONAL,803001200,3825926800.00,9526790600
2010,2,01-feb-2010,ESTADOS UNIDOS,Banano,TRADICIONAL,803001300,12620893.00,18230761
2010,2,01-feb-2010,ESTADOS UNIDOS,Banano,TRADICIONAL,803001900,40003506.00,76510331
2010,3,01-mar-2010,ESTADOS UNIDOS,Banano,TRADICIONAL,803001200,3651928800.00,8909912200
2010,3,01-mar-2010,ESTADOS UNIDOS,Banano,TRADICIONAL,803001300,14803945.00,21017700
2010,3,01-mar-2010,ESTADOS UNIDOS,Banano,TRADICIONAL,803001900,62864214.00,128551702
2010,4,01-abr-2010,ESTADOS UNIDOS,Banano,TRADICIONAL,803001200,3881627900.00,10005711500
2010,4,01-abr-2010,ESTADOS UNIDOS,Banano,TRADICIONAL,803001300,16176004.00,23531172
2010,4,01-abr-2010,ESTADOS UNIDOS,Banano,TRADICIONAL,803001900,58927598.00,106005914
2010,5,01-may-2010,ESTADOS UNIDOS,Banano,TRADICIONAL,803001200,3633580400.00,9067561700
2010,5,01-may-2010,ESTADOS UNIDOS,Banano,TRADICIONAL,803001300,16744215.00,23583767
2010,5,01-may-2010,ESTADOS UNIDOS,Banano,TRADICIONAL,803001900,42332612.00,82997886
2010,6,01-jun-2010,ESTADOS UNIDOS,Banano,TRADICIONAL,803001200,3512341800.00,8343751900
2010,6,01-jun-2010,ESTADOS UNIDOS,Banano,TRADICIONAL,803001300,16785192.00,23594574
2010,6,01-jun-2010,ESTADOS UNIDOS,Banano,TRADICIONAL,803001900,56693983.00,104040370
2010,7,01-jul-2010,ESTADOS UNIDOS,Banano,TRADICIONAL,803001200,3994266500.00,9612783900
2010,7,01-jul-2010,ESTADOS UNIDOS,Banano,TRADICIONAL,803001300,16754039.00,24356940
2010,7,01-jul-2010,ESTADOS UNIDOS,Banano,TRADICIONAL,803001900,51616454.00,85718363
2010,8,01-ago-2010,ESTADOS UNIDOS,Banano,TRADICIONAL,803001200,2934563700.00,7170849700
2010,8,01-ago-2010,ESTADOS UNIDOS,Banano,TRADICIONAL,803001300,12329926.00,18198595
2010,8,01-ago-2010,ESTADOS UNIDOS,Banano,TRADICIONAL,803001900,45505317.00,69147351
2010,9,01-sep-2010,ESTADOS UNIDOS,Banano,TRADICIONAL,803001200,2888493100.00,7081628400
2010,9,01-sep-2010,ESTADOS UNIDOS,Banano,TRADICIONAL,803001300,13552624.00,19572705
2010,9,01-sep-2010,ESTADOS UNIDOS,Banano,TRADICIONAL,803001900,45843547.00,70090834
2010,10,01-oct-2010,ESTADOS UNIDOS,Banano,TRADICIONAL,803001200,3354261000.00,6944414300
2010,10,01-oct-2010,ESTADOS UNIDOS,Banano,TRADICIONAL,803001300,18994475.00,27465923
2010,10,01-oct-2010,ESTADOS UNIDOS,Banano,TRADICIONAL,803001900,28441806.00,39520883
2010,11,01-nov-2010,ESTADOS UNIDOS,Banano,TRADICIONAL,803001200,2594090200.00,6283479900
2010,11,01-nov-2010,ESTADOS UNIDOS,Banano,TRADICIONAL,803001300,11951011.00,17743126
2010,11,01-nov-2010,ESTADOS UNIDOS,Banano,TRADICIONAL,803001900,25866621.00,35514296
2010,12,01-dic-2010,ESTADOS UNIDOS,Banano,TRADICIONAL,803001200,3994263100.00,8869706500
2010,12,01-dic-2010,ESTADOS UNIDOS,Banano,TRADICIONAL,803001300,11408893.00,17597556
2010,12,01-dic-2010,ESTADOS UNIDOS,Banano,TRADICIONAL,803001900,241938783.00,456066796
2009,1,01-ene-2009,ESTADOS UNIDOS,Banano,TRADICIONAL,803001200,3575214800.00,11628357400
2009,1,01-ene-2009,ESTADOS UNIDOS,Banano,TRADICIONAL,803001300,5177300.00,8399400
2009,1,01-ene-2009,ESTADOS UNIDOS,Banano,TRADICIONAL,803001900,76149100.00,166820500
2009,2,01-feb-2009,ESTADOS UNIDOS,Banano,TRADICIONAL,803001200,3390291000.00,10246438400
2009,2,01-feb-2009,ESTADOS UNIDOS,Banano,TRADICIONAL,803001300,6871600.00,10428500
2009,2,01-feb-2009,ESTADOS UNIDOS,Banano,TRADICIONAL,803001900,51954600.00,120362700
2009,3,01-mar-2009,ESTADOS UNIDOS,Banano,TRADICIONAL,803001200,3804851300.00,10687678300
2009,3,01-mar-2009,ESTADOS UNIDOS,Banano,TRADICIONAL,803001300,10304100.00,14971700
2009,3,01-mar-2009,ESTADOS UNIDOS,Banano,TRADICIONAL,803001900,59119200.00,122880100
2009,4,01-abr-2009,ESTADOS UNIDOS,Banano,TRADICIONAL,803001200,3601994900.00,10255633300
2009,4,01-abr-2009,ESTADOS UNIDOS,Banano,TRADICIONAL,803001300,8132800.00,12201200
2009,4,01-abr-2009,ESTADOS UNIDOS,Banano,TRADICIONAL,803001900,53820300.00,128069000
2009,5,01-may-2009,ESTADOS UNIDOS,Banano,TRADICIONAL,803001200,3998620100.00,11495404500
2009,5,01-may-2009,ESTADOS UNIDOS,Banano,TRADICIONAL,803001300,12601200.00,18308700
2009,5,01-may-2009,ESTADOS UNIDOS,Banano,TRADICIONAL,803001900,57101100.00,116171400
2009,6,01-jun-2009,ESTADOS UNIDOS,Banano,TRADICIONAL,803001200,3040924900.00,8601606800
2009,6,01-jun-2009,ESTADOS UNIDOS,Banano,TRADICIONAL,803001300,18020200.00,24901900
2009,6,01-jun-2009,ESTADOS UNIDOS,Banano,TRADICIONAL,803001900,53026400.00,103065300
2009,7,01-jul-2009,ESTADOS UNIDOS,Banano,TRADICIONAL,803001200,4194076300.00,10726682100
2009,7,01-jul-2009,ESTADOS UNIDOS,Banano,TRADICIONAL,803001300,14265800.00,19951600
2009,7,01-jul-2009,ESTADOS UNIDOS,Banano,TRADICIONAL,803001900,53283800.00,111056500
2009,8,01-ago-2009,ESTADOS UNIDOS,Banano,TRADICIONAL,803001200,3324139300.00,8621159600
2009,8,01-ago-2009,ESTADOS UNIDOS,Banano,TRADICIONAL,803001300,11435800.00,15893100
2009,8,01-ago-2009,ESTADOS UNIDOS,Banano,TRADICIONAL,803001900,71845100.00,128890700
2009,9,01-sep-2009,ESTADOS UNIDOS,Banano,TRADICIONAL,803001200,2377649600.00,5712761800
2009,9,01-sep-2009,ESTADOS UNIDOS,Banano,TRADICIONAL,803001300,12671500.00,17699500
2009,9,01-sep-2009,ESTADOS UNIDOS,Banano,TRADICIONAL,803001900,47759100.00,85469600
2009,10,01-oct-2009,ESTADOS UNIDOS,Banano,TRADICIONAL,803001200,3097641600.00,8185204000
2009,10,01-oct-2009,ESTADOS UNIDOS,Banano,TRADICIONAL,803001300,16226900.00,22425800
2009,10,01-oct-2009,ESTADOS UNIDOS,Banano,TRADICIONAL,803001900,75401500.00,138899900
2009,11,01-nov-2009,ESTADOS UNIDOS,Banano,TRADICIONAL,803001200,2515495900.00,6726635200
2009,11,01-nov-2009,ESTADOS UNIDOS,Banano,TRADICIONAL,803001300,15442300.00,21090800
2009,11,01-nov-2009,ESTADOS UNIDOS,Banano,TRADICIONAL,803001900,42865200.00,77603300
2009,12,01-dic-2009,ESTADOS UNIDOS,Banano,TRADICIONAL,803001200,4433278800.00,11562526700
2009,12,01-dic-2009,ESTADOS UNIDOS,Banano,TRADICIONAL,803001300,13045300.00,18870800
2009,12,01-dic-2009,ESTADOS UNIDOS,Banano,TRADICIONAL,803001900,68765500.00,109496200
2008,1,01-ene-2008,ESTADOS UNIDOS,Banano,TRADICIONAL,803001200,2530493400.00,8626166500
2008,1,01-ene-2008,ESTADOS UNIDOS,Banano,TRADICIONAL,803001300,16855700.00,33045200
2008,1,01-ene-2008,ESTADOS UNIDOS,Banano,TRADICIONAL,803001900,34498200.00,87513300
2008,2,01-feb-2008,ESTADOS UNIDOS,Banano,TRADICIONAL,803001200,2745679900.00,9550464900
2008,2,01-feb-2008,ESTADOS UNIDOS,Banano,TRADICIONAL,803001300,24450300.00,48497100
2008,2,01-feb-2008,ESTADOS UNIDOS,Banano,TRADICIONAL,803001900,26691200.00,61026900
2008,3,01-mar-2008,ESTADOS UNIDOS,Banano,TRADICIONAL,803001200,2893000300.00,9414104300
2008,3,01-mar-2008,ESTADOS UNIDOS,Banano,TRADICIONAL,803001300,11410000.00,21655400
2008,3,01-mar-2008,ESTADOS UNIDOS,Banano,TRADICIONAL,803001900,30778300.00,68008400
2008,4,01-abr-2008,ESTADOS UNIDOS,Banano,TRADICIONAL,803001200,1949373600.00,7247189000
2008,4,01-abr-2008,ESTADOS UNIDOS,Banano,TRADICIONAL,803001300,24393200.00,30425500
2008,4,01-abr-2008,ESTADOS UNIDOS,Banano,TRADICIONAL,803001900,47527900.00,104010800
2008,5,01-may-2008,ESTADOS UNIDOS,Banano,TRADICIONAL,803001200,2736620300.00,8095288700
2008,5,01-may-2008,ESTADOS UNIDOS,Banano,TRADICIONAL,803001300,32595800.00,45960700
2008,5,01-may-2008,ESTADOS UNIDOS,Banano,TRADICIONAL,803001900,47154600.00,99295000
2008,6,01-jun-2008,ESTADOS UNIDOS,Banano,TRADICIONAL,803001200,2678627200.00,7031148300
2008,6,01-jun-2008,ESTADOS UNIDOS,Banano,TRADICIONAL,803001300,12309000.00,18929500
2008,6,01-jun-2008,ESTADOS UNIDOS,Banano,TRADICIONAL,803001900,32867000.00,69907800
2008,7,01-jul-2008,ESTADOS UNIDOS,Banano,TRADICIONAL,803001200,2096999100.00,6011038600
2008,7,01-jul-2008,ESTADOS UNIDOS,Banano,TRADICIONAL,803001300,31106800.00,43493100
2008,7,01-jul-2008,ESTADOS UNIDOS,Banano,TRADICIONAL,803001900,70734800.00,153010900
2008,8,01-ago-2008,ESTADOS UNIDOS,Banano,TRADICIONAL,803001200,2228371100.00,6653332700
2008,8,01-ago-2008,ESTADOS UNIDOS,Banano,TRADICIONAL,803001300,31831700.00,45581300
2008,8,01-ago-2008,ESTADOS UNIDOS,Banano,TRADICIONAL,803001900,64816800.00,155742900
2008,9,01-sep-2008,ESTADOS UNIDOS,Banano,TRADICIONAL,803001200,1491522900.00,4373624200
2008,9,01-sep-2008,ESTADOS UNIDOS,Banano,TRADICIONAL,803001300,26550700.00,39119700
2008,9,01-sep-2008,ESTADOS UNIDOS,Banano,TRADICIONAL,803001900,56409800.00,132645700
2008,10,01-oct-2008,ESTADOS UNIDOS,Banano,TRADICIONAL,803001200,1827314100.00,5801909700
2008,10,01-oct-2008,ESTADOS UNIDOS,Banano,TRADICIONAL,803001300,39194400.00,57118400
2008,10,01-oct-2008,ESTADOS UNIDOS,Banano,TRADICIONAL,803001900,70353000.00,157504200
2008,11,01-nov-2008,ESTADOS UNIDOS,Banano,TRADICIONAL,803001200,2083032800.00,6530933600
2008,11,01-nov-2008,ESTADOS UNIDOS,Banano,TRADICIONAL,803001300,26382600.00,37482100
2008,11,01-nov-2008,ESTADOS UNIDOS,Banano,TRADICIONAL,803001900,57606800.00,122290000
2008,12,01-dic-2008,ESTADOS UNIDOS,Banano,TRADICIONAL,803001200,2679923200.00,8709804800
2008,12,01-dic-2008,ESTADOS UNIDOS,Banano,TRADICIONAL,803001300,14944100.00,21223600
2008,12,01-dic-2008,ESTADOS UNIDOS,Banano,TRADICIONAL,803001900,46400200.00,90102900
2007,1,01-ene-2007,ESTADOS UNIDOS,Banano,TRADICIONAL,803001200,2108075900.00,8762631900
2007,1,01-ene-2007,ESTADOS UNIDOS,Banano,TRADICIONAL,803001900,41745500.00,88312700
2007,2,01-feb-2007,ESTADOS UNIDOS,Banano,TRADICIONAL,803001200,2081214800.00,8639933700
2007,2,01-feb-2007,ESTADOS UNIDOS,Banano,TRADICIONAL,803001900,35155100.00,74205700
2007,3,01-mar-2007,ESTADOS UNIDOS,Banano,TRADICIONAL,803001200,2200462700.00,9167204400
2007,3,01-mar-2007,ESTADOS UNIDOS,Banano,TRADICIONAL,803001900,49309400.00,104153800
2007,4,01-abr-2007,ESTADOS UNIDOS,Banano,TRADICIONAL,803001200,1640995600.00,6841352500
2007,4,01-abr-2007,ESTADOS UNIDOS,Banano,TRADICIONAL,803001900,45601300.00,95908100
2007,5,01-may-2007,ESTADOS UNIDOS,Banano,TRADICIONAL,803001200,2182524300.00,9086298900
2007,5,01-may-2007,ESTADOS UNIDOS,Banano,TRADICIONAL,803001900,49938500.00,102518600
2007,6,01-jun-2007,ESTADOS UNIDOS,Banano,TRADICIONAL,803001200,2116103400.00,8532455600
2007,6,01-jun-2007,ESTADOS UNIDOS,Banano,TRADICIONAL,803001900,56200700.00,112326400
2007,7,01-jul-2007,ESTADOS UNIDOS,Banano,TRADICIONAL,803001200,2156341200.00,8265281500
2007,7,01-jul-2007,ESTADOS UNIDOS,Banano,TRADICIONAL,803001900,44682700.00,87490200
2007,8,01-ago-2007,ESTADOS UNIDOS,Banano,TRADICIONAL,803001200,2004211200.00,7431386600
2007,8,01-ago-2007,ESTADOS UNIDOS,Banano,TRADICIONAL,803001900,46004500.00,90271400
2007,9,01-sep-2007,ESTADOS UNIDOS,Banano,TRADICIONAL,803001200,1703432100.00,6243054100
2007,9,01-sep-2007,ESTADOS UNIDOS,Banano,TRADICIONAL,803001300,468000.00,754000
2007,9,01-sep-2007,ESTADOS UNIDOS,Banano,TRADICIONAL,803001900,43967000.00,96534800
2007,10,01-oct-2007,ESTADOS UNIDOS,Banano,TRADICIONAL,803001200,1904867100.00,6573887700
2007,10,01-oct-2007,ESTADOS UNIDOS,Banano,TRADICIONAL,803001300,1008000.00,1653000
2007,10,01-oct-2007,ESTADOS UNIDOS,Banano,TRADICIONAL,803001900,172953100.00,124181500
2007,11,01-nov-2007,ESTADOS UNIDOS,Banano,TRADICIONAL,803001200,2082561600.00,7023701400
2007,11,01-nov-2007,ESTADOS UNIDOS,Banano,TRADICIONAL,803001300,1472400.00,2444700
2007,11,01-nov-2007,ESTADOS UNIDOS,Banano,TRADICIONAL,803001900,54056700.00,110025600
2007,12,01-dic-2007,ESTADOS UNIDOS,Banano,TRADICIONAL,803001200,2163543200.00,7170791400
2007,12,01-dic-2007,ESTADOS UNIDOS,Banano,TRADICIONAL,803001300,1512400.00,2494900
2007,12,01-dic-2007,ESTADOS UNIDOS,Banano,TRADICIONAL,803001900,37751100.00,74978600
2006,1,01-ene-2006,ESTADOS UNIDOS,Banano,TRADICIONAL,803001200,2324520400.00,7975178300
2006,1,01-ene-2006,ESTADOS UNIDOS,Banano,TRADICIONAL,803001900,573000000.00,77350100
2006,2,01-feb-2006,ESTADOS UNIDOS,Banano,TRADICIONAL,803001200,2674290800.00,9297737400
2006,2,01-feb-2006,ESTADOS UNIDOS,Banano,TRADICIONAL,803001900,915145400.00,81988400
2006,3,01-mar-2006,ESTADOS UNIDOS,Banano,TRADICIONAL,803001200,2818190900.00,10054479300
2006,3,01-mar-2006,ESTADOS UNIDOS,Banano,TRADICIONAL,803001900,46841700.00,97208900
2006,4,01-abr-2006,ESTADOS UNIDOS,Banano,TRADICIONAL,803001200,2574607900.00,9177117900
2006,4,01-abr-2006,ESTADOS UNIDOS,Banano,TRADICIONAL,803001900,47632400.00,100903100
2006,5,01-may-2006,ESTADOS UNIDOS,Banano,TRADICIONAL,803001200,2292788100.00,9435972100
2006,5,01-may-2006,ESTADOS UNIDOS,Banano,TRADICIONAL,803001900,47959800.00,103553400
2006,6,01-jun-2006,ESTADOS UNIDOS,Banano,TRADICIONAL,803001200,2533743700.00,10663115300
2006,6,01-jun-2006,ESTADOS UNIDOS,Banano,TRADICIONAL,803001900,62966000.00,132083700
2006,7,01-jul-2006,ESTADOS UNIDOS,Banano,TRADICIONAL,803001200,1793340100.00,7600440300
2006,7,01-jul-2006,ESTADOS UNIDOS,Banano,TRADICIONAL,803001900,54425100.00,112659900
2006,8,01-ago-2006,ESTADOS UNIDOS,Banano,TRADICIONAL,803001200,1938462200.00,8099209700
2006,8,01-ago-2006,ESTADOS UNIDOS,Banano,TRADICIONAL,803001900,54516300.00,110071200
2006,9,01-sep-2006,ESTADOS UNIDOS,Banano,TRADICIONAL,803001200,2242805500.00,9431926300
2006,9,01-sep-2006,ESTADOS UNIDOS,Banano,TRADICIONAL,803001900,68647200.00,132782400
2006,10,01-oct-2006,ESTADOS UNIDOS,Banano,TRADICIONAL,803001200,1805692800.00,7256295800
2006,10,01-oct-2006,ESTADOS UNIDOS,Banano,TRADICIONAL,803001900,59071300.00,115816500
2006,11,01-nov-2006,ESTADOS UNIDOS,Banano,TRADICIONAL,803001200,1847561500.00,7483906200
2006,11,01-nov-2006,ESTADOS UNIDOS,Banano,TRADICIONAL,803001900,54525500.00,111182700
2006,12,01-dic-2006,ESTADOS UNIDOS,Banano,TRADICIONAL,803001200,2556579600.00,9675310800
2006,12,01-dic-2006,ESTADOS UNIDOS,Banano,TRADICIONAL,803001900,39957600.00,84182100
2005,1,01-ene-2005,ESTADOS UNIDOS,Banano,TRADICIONAL,803001200,1734820700.00,7869570200
2005,1,01-ene-2005,ESTADOS UNIDOS,Banano,TRADICIONAL,803001900,33343400.00,72381800
2005,2,01-feb-2005,ESTADOS UNIDOS,Banano,TRADICIONAL,803001200,1968734400.00,9004338600
2005,2,01-feb-2005,ESTADOS UNIDOS,Banano,TRADICIONAL,803001900,41905800.00,188752200
2005,3,01-mar-2005,ESTADOS UNIDOS,Banano,TRADICIONAL,803001200,1659891900.00,7428404600
2005,3,01-mar-2005,ESTADOS UNIDOS,Banano,TRADICIONAL,803001900,77455600.00,368086800
2005,4,01-abr-2005,ESTADOS UNIDOS,Banano,TRADICIONAL,803001200,1774801600.00,8025415500
2005,4,01-abr-2005,ESTADOS UNIDOS,Banano,TRADICIONAL,803001900,65627000.00,345680100
2005,5,01-may-2005,ESTADOS UNIDOS,Banano,TRADICIONAL,803001200,1832878600.00,8062926600
2005,5,01-may-2005,ESTADOS UNIDOS,Banano,TRADICIONAL,803001900,52933400.00,138786300
2005,6,01-jun-2005,ESTADOS UNIDOS,Banano,TRADICIONAL,803001200,1891131100.00,8042663300
2005,6,01-jun-2005,ESTADOS UNIDOS,Banano,TRADICIONAL,803001900,56463800.00,120606900
2005,7,01-jul-2005,ESTADOS UNIDOS,Banano,TRADICIONAL,803001200,1940265400.00,8570133000
2005,7,01-jul-2005,ESTADOS UNIDOS,Banano,TRADICIONAL,803001900,52888700.00,109764800
2005,8,01-ago-2005,ESTADOS UNIDOS,Banano,TRADICIONAL,803001200,1671309300.00,7359136900
2005,8,01-ago-2005,ESTADOS UNIDOS,Banano,TRADICIONAL,803001900,49560400.00,101958600
2005,9,01-sep-2005,ESTADOS UNIDOS,Banano,TRADICIONAL,803001200,2082057900.00,8446676000
2005,9,01-sep-2005,ESTADOS UNIDOS,Banano,TRADICIONAL,803001900,52766700.00,109578700
2005,10,01-oct-2005,ESTADOS UNIDOS,Banano,TRADICIONAL,803001200,1560048700.00,6494174100
2005,10,01-oct-2005,ESTADOS UNIDOS,Banano,TRADICIONAL,803001900,46495500.00,97609000
2005,11,01-nov-2005,ESTADOS UNIDOS,Banano,TRADICIONAL,803001200,1807071500.00,7515233300
2005,11,01-nov-2005,ESTADOS UNIDOS,Banano,TRADICIONAL,803001900,45941800.00,95770200
2005,12,01-dic-2005,ESTADOS UNIDOS,Banano,TRADICIONAL,803001200,2396454900.00,8805548400
2005,12,01-dic-2005,ESTADOS UNIDOS,Banano,TRADICIONAL,803001900,51676700.00,107822800
2004,1,01-ene-2004,ESTADOS UNIDOS,Banano,TRADICIONAL,803001200,2126470200.00,9893244700
2004,1,01-ene-2004,ESTADOS UNIDOS,Banano,TRADICIONAL,803001900,32300500.00,71306400
2004,2,01-feb-2004,ESTADOS UNIDOS,Banano,TRADICIONAL,803001200,1742510600.00,8003284000
2004,2,01-feb-2004,ESTADOS UNIDOS,Banano,TRADICIONAL,803001900,32271700.00,70239700
2004,3,01-mar-2004,ESTADOS UNIDOS,Banano,TRADICIONAL,803001200,1385411900.00,6181151300
2004,3,01-mar-2004,ESTADOS UNIDOS,Banano,TRADICIONAL,803001900,44518000.00,97441800
2004,4,01-abr-2004,ESTADOS UNIDOS,Banano,TRADICIONAL,803001200,2002410400.00,8970087000
2004,4,01-abr-2004,ESTADOS UNIDOS,Banano,TRADICIONAL,803001900,57972300.00,128776200
2004,5,01-may-2004,ESTADOS UNIDOS,Banano,TRADICIONAL,803001200,1553668800.00,6894935800
2004,5,01-may-2004,ESTADOS UNIDOS,Banano,TRADICIONAL,803001900,56861100.00,120236800
2004,6,01-jun-2004,ESTADOS UNIDOS,Banano,TRADICIONAL,803001200,1947940900.00,8841706300
2004,6,01-jun-2004,ESTADOS UNIDOS,Banano,TRADICIONAL,803001900,59495200.00,179351900
2004,7,01-jul-2004,ESTADOS UNIDOS,Banano,TRADICIONAL,803001200,2165218600.00,9843938200
2004,7,01-jul-2004,ESTADOS UNIDOS,Banano,TRADICIONAL,803001900,51304600.00,110961600
2004,8,01-ago-2004,ESTADOS UNIDOS,Banano,TRADICIONAL,803001200,1524101900.00,6876824200
2004,8,01-ago-2004,ESTADOS UNIDOS,Banano,TRADICIONAL,803001900,50579500.00,130010400
2004,9,01-sep-2004,ESTADOS UNIDOS,Banano,TRADICIONAL,803001200,1531939100.00,6880673400
2004,9,01-sep-2004,ESTADOS UNIDOS,Banano,TRADICIONAL,803001900,42711300.00,92585400
2004,10,01-oct-2004,ESTADOS UNIDOS,Banano,TRADICIONAL,803001200,1394609600.00,6209099300
2004,10,01-oct-2004,ESTADOS UNIDOS,Banano,TRADICIONAL,803001900,55649100.00,120961700
2004,11,01-nov-2004,ESTADOS UNIDOS,Banano,TRADICIONAL,803001200,1520660300.00,6857590900
2004,11,01-nov-2004,ESTADOS UNIDOS,Banano,TRADICIONAL,803001900,38843300.00,89302700
2004,12,01-dic-2004,ESTADOS UNIDOS,Banano,TRADICIONAL,803001200,1555279100.00,7004686900
2004,12,01-dic-2004,ESTADOS UNIDOS,Banano,TRADICIONAL,803001900,42008800.00,91108900
2003,1,01-ene-2003,ESTADOS UNIDOS,Banano,TRADICIONAL,803001200,1818901300.00,7607630400
2003,1,01-ene-2003,ESTADOS UNIDOS,Banano,TRADICIONAL,803001900,35140300.00,66519000
2003,2,01-feb-2003,ESTADOS UNIDOS,Banano,TRADICIONAL,803001200,2174695700.00,9080105600
2003,2,01-feb-2003,ESTADOS UNIDOS,Banano,TRADICIONAL,803001900,35876200.00,79372400
2003,3,01-mar-2003,ESTADOS UNIDOS,Banano,TRADICIONAL,803001200,2166757700.00,9127320600
2003,3,01-mar-2003,ESTADOS UNIDOS,Banano,TRADICIONAL,803001900,38623500.00,85069500
2003,4,01-abr-2003,ESTADOS UNIDOS,Banano,TRADICIONAL,803001200,2213077000.00,9805915500
2003,4,01-abr-2003,ESTADOS UNIDOS,Banano,TRADICIONAL,803001900,43835200.00,97938200
2003,5,01-may-2003,ESTADOS UNIDOS,Banano,TRADICIONAL,803001200,2154358500.00,9023011800
2003,5,01-may-2003,ESTADOS UNIDOS,Banano,TRADICIONAL,803001900,51509400.00,112841400
2003,6,01-jun-2003,ESTADOS UNIDOS,Banano,TRADICIONAL,803001200,2037495100.00,8561092600
2003,6,01-jun-2003,ESTADOS UNIDOS,Banano,TRADICIONAL,803001900,49466100.00,109080700
2003,7,01-jul-2003,ESTADOS UNIDOS,Banano,TRADICIONAL,803001200,1913434800.00,7998443300
2003,7,01-jul-2003,ESTADOS UNIDOS,Banano,TRADICIONAL,803001900,48303000.00,106628600
2003,8,01-ago-2003,ESTADOS UNIDOS,Banano,TRADICIONAL,803001200,1792658900.00,7549472100
2003,8,01-ago-2003,ESTADOS UNIDOS,Banano,TRADICIONAL,803001900,43542800.00,95254700
2003,9,01-sep-2003,ESTADOS UNIDOS,Banano,TRADICIONAL,803001200,1744781000.00,7126328000
2003,9,01-sep-2003,ESTADOS UNIDOS,Banano,TRADICIONAL,803001900,48035900.00,104293300
2003,10,01-oct-2003,ESTADOS UNIDOS,Banano,TRADICIONAL,803001200,1396097600.00,5381567200
2003,10,01-oct-2003,ESTADOS UNIDOS,Banano,TRADICIONAL,803001900,53877500.00,116353200
2003,11,01-nov-2003,ESTADOS UNIDOS,Banano,TRADICIONAL,803001200,1478730700.00,6082597200
2003,11,01-nov-2003,ESTADOS UNIDOS,Banano,TRADICIONAL,803001900,42558400.00,88617200
2003,12,01-dic-2003,ESTADOS UNIDOS,Banano,TRADICIONAL,803001200,1168387200.00,5372942200
2003,12,01-dic-2003,ESTADOS UNIDOS,Banano,TRADICIONAL,803001900,37158700.00,79563800
2002,1,01-ene-2002,ESTADOS UNIDOS,Banano,TRADICIONAL,803001200,1690767900.00,7598160900
2002,1,01-ene-2002,ESTADOS UNIDOS,Banano,TRADICIONAL,803001900,35692300.00,80949500
2002,2,01-feb-2002,ESTADOS UNIDOS,Banano,TRADICIONAL,803001200,1918863000.00,8953505900
2002,2,01-feb-2002,ESTADOS UNIDOS,Banano,TRADICIONAL,803001900,25674400.00,58309800
2002,3,01-mar-2002,ESTADOS UNIDOS,Banano,TRADICIONAL,803001200,2517058200.00,11260202700
2002,3,01-mar-2002,ESTADOS UNIDOS,Banano,TRADICIONAL,803001900,41320000.00,93710700
2002,4,01-abr-2002,ESTADOS UNIDOS,Banano,TRADICIONAL,803001200,1901764600.00,8626524100
2002,4,01-abr-2002,ESTADOS UNIDOS,Banano,TRADICIONAL,803001900,36491200.00,84560200
2002,5,01-may-2002,ESTADOS UNIDOS,Banano,TRADICIONAL,803001200,2508205300.00,11242014900
2002,5,01-may-2002,ESTADOS UNIDOS,Banano,TRADICIONAL,803001900,49887500.00,112571400
2002,6,01-jun-2002,ESTADOS UNIDOS,Banano,TRADICIONAL,803001200,2222574000.00,10016720100
2002,6,01-jun-2002,ESTADOS UNIDOS,Banano,TRADICIONAL,803001900,45019200.00,102099500
2002,7,01-jul-2002,ESTADOS UNIDOS,Banano,TRADICIONAL,803001200,2174551500.00,9695530200
2002,7,01-jul-2002,ESTADOS UNIDOS,Banano,TRADICIONAL,803001900,47903000.00,108629600
2002,8,01-ago-2002,ESTADOS UNIDOS,Banano,TRADICIONAL,803001200,1790890400.00,8002025400
2002,8,01-ago-2002,ESTADOS UNIDOS,Banano,TRADICIONAL,803001900,41993000.00,95237000
2002,9,01-sep-2002,ESTADOS UNIDOS,Banano,TRADICIONAL,803001200,1635527600.00,7330250800
2002,9,01-sep-2002,ESTADOS UNIDOS,Banano,TRADICIONAL,803001900,39886800.00,90460900
2002,10,01-oct-2002,ESTADOS UNIDOS,Banano,TRADICIONAL,803001200,1548855200.00,6798312500
2002,10,01-oct-2002,ESTADOS UNIDOS,Banano,TRADICIONAL,803001900,45619900.00,99139100
2002,11,01-nov-2002,ESTADOS UNIDOS,Banano,TRADICIONAL,803001200,1612119700.00,7008678100
2002,11,01-nov-2002,ESTADOS UNIDOS,Banano,TRADICIONAL,803001900,39488800.00,70961900
2002,12,01-dic-2002,ESTADOS UNIDOS,Banano,TRADICIONAL,803001200,2001814800.00,8647392600
2002,12,01-dic-2002,ESTADOS UNIDOS,Banano,TRADICIONAL,803001900,36865200.00,68313000
2001,1,01-ene-2001,ESTADOS UNIDOS,Banano,TRADICIONAL,803001200,2081776000.00,9021849700
2001,1,01-ene-2001,ESTADOS UNIDOS,Banano,TRADICIONAL,803001900,23070700.00,56568100
2001,2,01-feb-2001,ESTADOS UNIDOS,Banano,TRADICIONAL,803001200,2082871600.00,9031039100
2001,2,01-feb-2001,ESTADOS UNIDOS,Banano,TRADICIONAL,803001900,18889900.00,46374300
2001,3,01-mar-2001,ESTADOS UNIDOS,Banano,TRADICIONAL,803001200,2370242700.00,10247344800
2001,3,01-mar-2001,ESTADOS UNIDOS,Banano,TRADICIONAL,803001900,37076500.00,90909700
2001,4,01-abr-2001,ESTADOS UNIDOS,Banano,TRADICIONAL,803001200,1826770300.00,7912066600
2001,4,01-abr-2001,ESTADOS UNIDOS,Banano,TRADICIONAL,803001900,33169200.00,81184500
2001,5,01-may-2001,ESTADOS UNIDOS,Banano,TRADICIONAL,803001200,1898100300.00,8218719400
2001,5,01-may-2001,ESTADOS UNIDOS,Banano,TRADICIONAL,803001900,27575700.00,67613300
2001,6,01-jun-2001,ESTADOS UNIDOS,Banano,TRADICIONAL,803001200,1590351100.00,6890534500
2001,6,01-jun-2001,ESTADOS UNIDOS,Banano,TRADICIONAL,803001900,39972800.00,98010400
2001,7,01-jul-2001,ESTADOS UNIDOS,Banano,TRADICIONAL,803001200,2008706800.00,8700385000
2001,7,01-jul-2001,ESTADOS UNIDOS,Banano,TRADICIONAL,803001900,36568300.00,89600400
2001,8,01-ago-2001,ESTADOS UNIDOS,Banano,TRADICIONAL,803001200,1744445500.00,7555000500
2001,8,01-ago-2001,ESTADOS UNIDOS,Banano,TRADICIONAL,803001900,34713200.00,85260700
2001,9,01-sep-2001,ESTADOS UNIDOS,Banano,TRADICIONAL,803001200,1492117100.00,6460920100
2001,9,01-sep-2001,ESTADOS UNIDOS,Banano,TRADICIONAL,803001900,32025500.00,78317600
2001,10,01-oct-2001,ESTADOS UNIDOS,Banano,TRADICIONAL,803001200,1467232600.00,6341559900
2001,10,01-oct-2001,ESTADOS UNIDOS,Banano,TRADICIONAL,803001900,35642600.00,82525000
2001,11,01-nov-2001,ESTADOS UNIDOS,Banano,TRADICIONAL,803001200,1739367600.00,7552327500
2001,11,01-nov-2001,ESTADOS UNIDOS,Banano,TRADICIONAL,803001900,38477200.00,87804000
2001,12,01-dic-2001,ESTADOS UNIDOS,Banano,TRADICIONAL,803001200,1806464700.00,7772349900
2001,12,01-dic-2001,ESTADOS UNIDOS,Banano,TRADICIONAL,803001900,35988800.00,81620200
